county,locality,lat,lng,address,,height_regime,year_built,risk_category,consolidation_status,examination_year,certified_expert,observations
Dolj,Craiova,44.312532,23.8534718,"Str. Calea Bucureşti, nr. 126","Jud. Dolj, Mun. Craiova, Str. Calea Bucureşti, nr. 126",P+1E,1933,RS3,NO,2008,ing. Pârvu Marin,"sediu Spitalul Clinic de Boli Infecţioase şi Pneumoftiziologie ""Victor Babeş"" Craiova - Secţia TBC corp 3B"
Dolj,Craiova,44.31293106,23.84907341,"Str. Calea Bucureşti, nr. 99","Jud. Dolj, Mun. Craiova, Str. Calea Bucureşti, nr. 99",S+P,1908,RS3,NO,2009,ing. Gavrilă Gheorghe,sediu Spitalul Clinic de Neuropsihiatrie - Pavilion psihiatrie 2
Dolj,Craiova,44.3180825,23.816594,"Str. Calea Bucureşti, nr. 99","Jud. Dolj, Mun. Craiova, Str. Calea Bucureşti, nr. 99",P,1908,RS3,YES_PUBLIC,2007,ing. Stângă Gheorghe,sediu Spitalul Clinic de Neuropsihiatrie - Centru de Sănătate Mintală
Dolj,Craiova,44.3145371,23.8009521,"Str. C. D. Fortunescu, nr. 2","Jud. Dolj, Mun. Craiova, Str. C. D. Fortunescu, nr. 2",S+P+1E,1846,RS1,NO,2002,ing. Gavrilă Gheorghe,sediu ISU Dolj - pavilion administrat IV - Evacuat 2008
Dolj,Craiova,44.3160825,23.806321,"str. Împăratul Traian, nr. 39","Jud. Dolj, Mun. Craiova, str. Împăratul Traian, nr. 39",S parţial+P+1E,1890,RS2,DEMOLISHED,1999,ing. Hotinceanu Mihail,clădire Grup Şcolar Charles Laugier - închiriat către Şcoala Postliceală Christiana
Dolj,Craiova,44.315931,23.806608,"str. Împăratul Traian, nr. 39","Jud. Dolj, Mun. Craiova, str. Împăratul Traian, nr. 39",P+1E,1890,RS2,NO,1999,ing. Hotinceanu Mihail,clădire Grup Şcolar Charles Laugier - închiriat către RAADPFL Craiova - spaţiu depozitare
Dolj,Craiova,44.3155066,23.7973275,"str. Mihail Kogălniceanu, nr. 10","Jud. Dolj, Mun. Craiova, str. Mihail Kogălniceanu, nr. 10",Sp+P+1E,1900,RS3,NO,2014,ing. Gavrilă Gheorghe,sediu Administraţia Judeţeană a Finanţelor Publice Dolj din cadrul Direcţiei Generale Regionale a Finanţelor Publice Craiova
Dolj,Craiova,44.3042995,23.8185611,"str. Revoluţiei, nr. 15","Jud. Dolj, Mun. Craiova, str. Revoluţiei, nr. 15",S+P+1E+Eth,1974,RS3,NO,2018,ing. Constantin Pavel,"Grădiniţa ""Elena Farago"" Craiova (fostă nr. 41) + Cresa nr. 8 - reabilitare termica"
Dolj,Craiova,44.3086524,23.7985083,"Str. Petru Rareş, nr. 4","Jud. Dolj, Mun. Craiova, Str. Petru Rareş, nr. 4",S+P+2E+M,1928,RS3,NO,2000,ing. Pârvu Marin,Sediu clădire Medicina Veche
Dolj,Craiova,44.3046504,23.7945268,"B-dul 1 Mai, nr. 68","Jud. Dolj, Mun. Craiova, B-dul 1 Mai, nr. 68",Sp+P+1E,1978,RS3,NO,2011,ing. Greblescu Daniel,Cantina Facultăţii de Medicină şi Farmacie
Dolj,Craiova,44.317254,23.7944768,"Str. Calea Unirii, nr. 16","Jud. Dolj, Mun. Craiova, Str. Calea Unirii, nr. 16",Sp+P+2E,1957,RS2,YES_PUBLIC,2005,Ing. Dumitrescu Dan ing. Pârvu Marin,Filarmonica Oltenia - Consolidat buget local
Dolj,Craiova,44.3139207,23.7951431,str. Stirbei Voda nr.2,"Jud. Dolj, Mun. Craiova, str. Stirbei Voda nr.2",P+E+Pod,1898,RS2,NO,2017,ing. Anatolie Cazacliu,Casa Rusănescu (sediu Casa Căsătoriilor) - exista autorizatie de construire a fost realizat proiectul
Dolj,Craiova,44.3184394,23.7948393,Str. A. I. Cuza nr. 1 S1,"Jud. Dolj, Mun. Craiova, Str. A. I. Cuza nr. 1 S1",S+P+M+4E,1920,RS2,NO,2014,Ing. Szekeres Gero,Sediu 2 Primăria Craiova - în curs de consolidare
Dolj,Craiova,44.3186275,23.7966361,Str. A. I. Cuza nr. 7,"Jud. Dolj, Mun. Craiova, Str. A. I. Cuza nr. 7",S+P+1E,1916,RS2,NO,2014,Ing. Szekeres Gero,Sediu 1 Primăria Craiova - în curs de consolidare
Dolj,Craiova,44.3155715,23.8151166,"Str. Nanterre, bl. C3, sc. 3","Jud. Dolj, Mun. Craiova, Str. Nanterre, bl. C3, sc. 3",S+P+4E,1963,RS4,NO,2012,Ing. Bistriceanu Viorel,bloc locuinte
Dolj,Craiova,44.3271628,23.8145304,"B-dul Carol, nr. 150, bl. C1, sc. D","Jud. Dolj, Mun. Craiova, B-dul Carol, nr. 150, bl. C1, sc. D",S+P+4E,1975,RS3,NO,2014,ing. Gavrilă Gheorghe,bloc locuinte
Dolj,Craiova,44.3925098,23.7409846,"Str. A. I. Cuza, bl. 150 ap Sc. 1","Jud. Dolj, Mun. Craiova, Str. A. I. Cuza, bl. 150 ap Sc. 1",P+4E,1965,RS4,NO,2016,ing. Gavrilă Gheorghe,bloc locuinte
Dolj,Craiova,44.3148963,23.8189292,"Str. Nanterre, nr. 77, bl. C2, sc. 3","Jud. Dolj, Mun. Craiova, Str. Nanterre, nr. 77, bl. C2, sc. 3",S+P+4E,1965,RS4,NO,2014,ing. Gavrilă Gheorghe,bloc locuinte
Dolj,Craiova,44.316552,23.7965971,"Str. Lipscani, nr. 4","Jud. Dolj, Mun. Craiova, Str. Lipscani, nr. 4",S+P+1E,1900,RS3,NO,2016,Ing. Moga Alexandru,Spaţiu comercial la parter locuinţă la etaj
Dolj,Craiova,44.3242506,23.7971581,"Str. Principatele Unite, bl. 14, sc. 2","Jud. Dolj, Mun. Craiova, Str. Principatele Unite, bl. 14, sc. 2",S+P+2E,1954,RS4,NO,2010,Ing. Bistriceanu Viorel,Locuintă tip apartamente
Dolj,Craiova,44.3163432,23.8175298,"Str. Calea Bucureşti, nr. 48, bl. A6, sc. 4","Jud. Dolj, Mun. Craiova, Str. Calea Bucureşti, nr. 48, bl. A6, sc. 4",P+4E,1982,RS4,NO,2012,ing. Gavrilă Gheorghe,bloc locuinte
Dolj,Craiova,44.3253204,23.7896357,"B-dul. N. Titulescu, nr. 40 (fost 33)","Jud. Dolj, Mun. Craiova, B-dul. N. Titulescu, nr. 40 (fost 33)",S+P+1E,1920,RS2,NO,2018,ing. Guleac V. Bogdan,Spital Clinic Municipal Filantropia - Cladire ambulatoriu adulti - reabilitata in 2022 - dupa expertiza III
Dolj,Craiova,44.3122837,23.7963748,"Str. Unirii, nr. 57","Jud. Dolj, Mun. Craiova, Str. Unirii, nr. 57",S+P+1E,1903,RS2,NO,2018,Ing. Niculae Teodor,Casa Universitarilor
Dolj,Craiova,44.318912,23.783693,"Str. Câmpia Islaz, nr. 89","Jud. Dolj, Mun. Craiova, Str. Câmpia Islaz, nr. 89",P,1850,RS1,NO,2018,Ing. Niculae Teodor,Hală Didactică (Fosta Fabrică de Motoare A.Weichmann) - evacuata
Dolj,Craiova,44.317823,23.8001131,str. Olteţ nr. 25 (fost nr. 23),"Jud. Dolj, Mun. Craiova, str. Olteţ nr. 25 (fost nr. 23)",Sp+P+1E+M,1890,RS1,NO,2018,ing. Chirică C. Anton,"casa secol XIX, monument istoric părăsit - monument istoric părăsit"
Dolj,Craiova,44.3170332,23.7978017,str. Romain Rolland nr. 8 (fost nr. 6A),"Jud. Dolj, Mun. Craiova, str. Romain Rolland nr. 8 (fost nr. 6A)",Sp+P+1E,1875,RS1,NO,2018,ing. Voiculescu M. Mihai,"locuinţe, monument istoric - monument istoric evacuat"
Dolj,Craiova,44.3061153,23.8434404,"str. Dr. Apelor nr. 66 Modul A1, Corp C13, Corp C14, Corp C15","Jud. Dolj, Mun. Craiova, str. Dr. Apelor nr. 66 Modul A1, Corp C13, Corp C14, Corp C15",P,1970,RS1,DEMOLISHED,2019,ing. Sofronie A Ramiro,locuinte
Dolj,Craiova,44.30634835,23.8436066,str. Dr. Apelor nr. 66 Module M1-M11,"Jud. Dolj, Mun. Craiova, str. Dr. Apelor nr. 66 Module M1-M11",P,1970,RS1,DEMOLISHED,2019,ing. Sofronie A Ramiro,locuinte
Dolj,Craiova,44.3270157,23.7685884,Str. Brestei nr. 234,"Jud. Dolj, Mun. Craiova, Str. Brestei nr. 234",P+1 corp C1,1966,RS3,NO,2022,ing. Gavrila Ghe.,Scoala Ion Creanga - în curs de consolidare
Dolj,Craiova,44.3263601,23.7675164,Str. Brestei nr. 235,"Jud. Dolj, Mun. Craiova, Str. Brestei nr. 235",P corp C2,1975,RS3,NO,2022,ing. Gavrila Ghe.,Scoala Ion Creanga - în curs de consolidare
Dolj,Craiova,44.3264642,23.7684224,Str. Brestei nr. 236,"Jud. Dolj, Mun. Craiova, Str. Brestei nr. 236",P+2 corp C5,1975,RS3,NO,2022,ing. Gavrila Ghe.,Scoala Ion Creanga - în curs de consolidare
Dolj,Craiova,44.3060251,23.8234601,str. Electroputere nr. 21,"Jud. Dolj, Mun. Craiova, str. Electroputere nr. 21",S+P+2E,1955,RS4,NO,2021,expert tehnic Zefir Apostol,Gradinita Castelul Fermecat - in curs de proiectare
Dolj,Craiova,44.3289225,23.8004638,str. Doljului nr. 12,"Jud. Dolj, Mun. Craiova, str. Doljului nr. 12",P,1968,RS4,NO,2021,expert tehnic Zefir Apostol,Colegiul National Nicolae Titulescu C2 sala sport - in curs de proiectare
Dolj,Craiova,44.32867369,23.80012386,str. Doljului nr. 12,"Jud. Dolj, Mun. Craiova, str. Doljului nr. 12",P,1968,RS3,NO,2021,expert tehnic Zefir Apostol,Colegiul National Nicolae Titulescu - cladire - in curs de proiectare
Dolj,Craiova,44.3223759,23.795766,str. Principatele Unite nr.1,"Jud. Dolj, Mun. Craiova, str. Principatele Unite nr.1",Sp+P+Pod,1922,RS2,NO,2022,ing. Mihai Pavel,"Gradinita Casuta Fermecata - in curs de proiectare, inclusa in lista de sinteză PNCCRS (Programul național de reabilitare a cladirilor cu risc seismic ridicat)"
Dolj,Craiova,44.3169628,23.8193464,str. Stefan Velovan nr.4,"Jud. Dolj, Mun. Craiova, str. Stefan Velovan nr.4",S+P+1E,1965,RS4,NO,2022,ing. Mihai Pavel,Gradinita Pinochio - in curs de proiectare
Dolj,Craiova,44.3269844,23.8067868,str. Lamaitei nr.4 P+2 corp C1,"Jud. Dolj, Mun. Craiova, str. Lamaitei nr.4 P+2 corp C1",P,1963,RS3,NO,2022,expert tehnic ing. Gavrila Ghe.,corp C2 Scoala Gimnaziala Sf. Gheorghe - în curs de obținere autorizație de construire
Dolj,Craiova,44.3297089,23.8039821,str. Brazda lui Novac nr. 87,"Jud. Dolj, Mun. Craiova, str. Brazda lui Novac nr. 87",P+2 corp A P corp B P+2 corp C,1970,RS3,NO,2022,expert tehnic ing. Gavrila Ghe.,Scoala Gimnaziala Sf. Gheorghe - in curs de proiectare
Dolj,Craiova,44.318491,23.7920483,str. Ion Maiorescu nr.2 ,"Jud. Dolj, Mun. Craiova, str. Ion Maiorescu nr.2 ",Sp+P+M+E1 ,1930,RS2,NO,2020,ing. Szalontay Coloman Andrei,Colegiul National Carol I - sala sport - dupa reabilitare IV
Dolj,Craiova,44.317316,23.791428,str. Ion Maiorescu nr.6,"Jud. Dolj, Mun. Craiova, str. Ion Maiorescu nr.6",S+P+2E colegiul S+P+3E Opera,1895,RS2,NO,2016,ing. Popescu Dumitru Dan Badea Dragos Coriolan,Colegiul National Carol I - corp central si Opera Romana - în curs de consolidare dupa reabilitare III
Dolj,Craiova,44.3207091,23.773316,str. Raului nr.2,"Jud. Dolj, Mun. Craiova, str. Raului nr.2",S+P+1E,1981,RS4,NO,2022,expert tehnic ing. Gavrila Ghe.,Gradinita Voinicelu structura Scoala Ion Creanga - în curs de consolidare
Dolj,Craiova,44.3221354,23.7771418,str. Brestei nr. 129,"Jud. Dolj, Mun. Craiova, str. Brestei nr. 129",P+1,1967,N/A,NO,2022,ing. Stefan Catalin,Liceul Charles Laugier - corp C9 - în curs de evaluare în PNCCRS (Programul național de reabilitare a cladirilor cu risc seismic ridicat) dupa reabilitare IV
Dolj,Craiova,44.3306553,23.8116927,str. Brazda lui Novac nr. 106,"Jud. Dolj, Mun. Craiova, str. Brazda lui Novac nr. 106",S+P+4E,1980,RS3,NO,2022,Ing. Niculae Teodor,bloc 43 IVA1 - în curs de reabilitare termică
Dolj,Craiova,44.3298241,23.8111019,bld. Dacia nr. 185,"Jud. Dolj, Mun. Craiova, bld. Dacia nr. 185",S+P+4E,1989,RS3,NO,2022,Ing. Niculae Teodor,bloc 75 IVA1 - în curs de reabilitare termică
Dolj,Craiova,44.3133921,23.9020562,str. Calea Bucuresti nr.1,"Jud. Dolj, Mun. Craiova, str. Calea Bucuresti nr.1",S+P+4E,1989,RS3,NO,2022,Ing. Niculae Teodor,bloc 23C - în curs de reabilitare termică
Dolj,Craiova,44.3211531,23.7973278,str. Calea Bucuresti nr.3,"Jud. Dolj, Mun. Craiova, str. Calea Bucuresti nr.3",S+P+4E,1989,RS3,NO,2022,Ing. Niculae Teodor,bloc 23D - în curs de reabilitare termică
Dolj,Craiova,44.3252817,23.7770016,str. Parcului nr.2,"Jud. Dolj, Mun. Craiova, str. Parcului nr.2",S+P+4E,1984,RS3,NO,2022,Ing. Niculae Teodor,bloc C1 - în curs de reabilitare termică
Dolj,Craiova,44.3301785,23.7948808,str. George Breazu nr.1,"Jud. Dolj, Mun. Craiova, str. George Breazu nr.1",S+P+4E,1981,RS3,NO,2022,Ing. Niculae Teodor,bloc H14 - în curs de reabilitare termică
Dolj,Craiova,44.3278638,23.8106812,str. Constantin Argetoianu nr. 46,"Jud. Dolj, Mun. Craiova, str. Constantin Argetoianu nr. 46",S+P+4E,1987,RS3,NO,2022,Ing. Niculae Teodor,bloc K33 - in curs de reabilitare termica
Dolj,Craiova,44.3278223,23.8103534,str. Constantin Argetoianu nr. 44,"Jud. Dolj, Mun. Craiova, str. Constantin Argetoianu nr. 44",S+P+4E,1987,RS3,NO,2022,Ing. Niculae Teodor,bloc K34 - in curs de reabilitare termica
Dolj,Craiova,44.3249955,23.7768366,str. Parcului nr.4,"Jud. Dolj, Mun. Craiova, str. Parcului nr.4",S+P+4E,1984,RS3,NO,2022,Ing. Niculae Teodor,bloc C3 - în curs de reabilitare termică
Dolj,Craiova,44.3265103,23.7982731,str. Serban Voda nr. 30,"Jud. Dolj, Mun. Craiova, str. Serban Voda nr. 30",S+P+8E+Eth,1994,RS3,NO,2022,Ing. Niculae Teodor,bloc C13c - in curs de reabilitare termica
Dolj,Craiova,44.3265646,23.7978573,str. Serban Voda nr. 32,"Jud. Dolj, Mun. Craiova, str. Serban Voda nr. 32",S+P+8E+Eth,1994,RS3,NO,2022,Ing. Niculae Teodor,bloc C13b - in curs de reabilitare termica
Dolj,Craiova,44.3305637,23.8018263,str. Gral. Stefan Falcoianu nr.6,"Jud. Dolj, Mun. Craiova, str. Gral. Stefan Falcoianu nr.6",S+P+1E+Eth,1974,RS3,NO,2018,ing. Constantin Pavel,Gradinita cu program prelungit Casuta cu Povesti - reabilitare termica
Dolj,Craiova,44.3319031,23.7941346,str. Amaradia nr. 70 bl. F5A,"Jud. Dolj, Mun. Craiova, str. Amaradia nr. 70 bl. F5A",S+P+3E,1987,RS4,NO,2018,ing. Constantin Pavel,Gradinita cu program prelungit Curcubeul copilariei - reabilitare termica
Dolj,Craiova,44.3064873,23.8138022,str. Aurel Vlaicu nr. 10,"Jud. Dolj, Mun. Craiova, str. Aurel Vlaicu nr. 10",S+P+1E+Eth,1974,RS3,NO,2018,ing. Constantin Pavel,Gradinita cu program prelungit Ion Creanga - reabilitare termica
Dolj,Craiova,44.3335654,23.7817488,bld. Oltenia nr. 81,"Jud. Dolj, Mun. Craiova, bld. Oltenia nr. 81",S+P+1E+Eth,1974,RS3,NO,2018,ing. Constantin Pavel,Gradinita cu program prelungit Phoenix - reabilitare termica
Dolj,Craiova,44.3375835,23.779443,str. Tineretului nr. 28,"Jud. Dolj, Mun. Craiova, str. Tineretului nr. 28",S+P+1E+Eth,1974,RS3,NO,2018,ing. Constantin Pavel,Gradinita cu program prelungit Floarea Albastra + Cresa nr.3 - reabilitare termica
Dolj,Craiova,44.3406521,23.7747285,str. Elena Farago nr. 17,"Jud. Dolj, Mun. Craiova, str. Elena Farago nr. 17",Sp+P+1E,1978,RS3,NO,2018,ing. Constantin Pavel,Gradinita cu program prelungit Piticot + Cresa nr.5 - reabilitare termica
Dolj,Craiova,44.340699,23.771777,str. Gorunului nr.7,"Jud. Dolj, Mun. Craiova, str. Gorunului nr.7",S+4E,1979,RS3,NO,2022,ing. Belgun Ionel,bloc 169E - în curs de reabilitare termică
Dolj,Craiova,44.3384964,23.7696287,str. Paltinului nr.6,"Jud. Dolj, Mun. Craiova, str. Paltinului nr.6",S+4E,1983,RS3,NO,2022,ing. Belgun Ionel,bloc 175C - în curs de reabilitare termică
Dolj,Craiova,44.3253843,23.7937359,ale. Constantin Brancusi nr.11,"Jud. Dolj, Mun. Craiova, ale. Constantin Brancusi nr.11",S+3E,1976,RS3,NO,2022,ing. Belgun Ionel,bloc A2 - in curs de reabilitare termica
Dolj,Craiova,44.3300586,23.7839012,str. George Enescu nr.45,"Jud. Dolj, Mun. Craiova, str. George Enescu nr.45",S+P+4E,1987,RS3,NO,2022,ing. Belgun Ionel,bloc A3 - în curs de reabilitare termică
Dolj,Craiova,44.327005,23.7967297,str. Brazda lui Novac nr.45,"Jud. Dolj, Mun. Craiova, str. Brazda lui Novac nr.45",S+P+4E,1964,RS3,NO,2022,ing. Belgun Ionel,bloc A15 - în curs de reabilitare termică
Dolj,Craiova,44.3272915,23.7969277,str. 1 decembrie 1918 nr.1,"Jud. Dolj, Mun. Craiova, str. 1 decembrie 1918 nr.1",S+P+4E,1964,RS3,NO,2022,ing. Belgun Ionel,bloc A16 - în curs de reabilitare termică
Dolj,Craiova,44.3296442,23.7843998,str. George Enescu nr.43,"Jud. Dolj, Mun. Craiova, str. George Enescu nr.43",S+P+4E,1987,RS3,NO,2022,ing. Belgun Ionel,bloc B2 - în curs de reabilitare termică
Dolj,Craiova,44.3293143,23.784778,str. George Enescu nr.39,"Jud. Dolj, Mun. Craiova, str. George Enescu nr.39",S+P+4E,1987,RS3,NO,2022,ing. Belgun Ionel,bloc B4 - în curs de reabilitare termică
Dolj,Craiova,44.3118396,23.8230678,str. Henry Coanda nr. 49,"Jud. Dolj, Mun. Craiova, str. Henry Coanda nr. 49",S+P+4E+Pod,1983,RS3,NO,2022,ing. Popescu Dan Dumitru,bloc M0 - in curs de reabilitare termica
Dolj,Craiova,44.3118176,23.8233393,str. Mircesti nr. 16,"Jud. Dolj, Mun. Craiova, str. Mircesti nr. 16",S+P+3E,1980,RS3,NO,2022,ing. Popescu Dan Dumitru,bloc M1 - în curs de reabilitare termică
Dolj,Craiova,44.3282279,23.8117441,str. Fratii Golesti nr. 107,"Jud. Dolj, Mun. Craiova, str. Fratii Golesti nr. 107",S+P+4E,1986,RS3,NO,2022,ing. Belgun Ionel,bloc K27 - în curs de reabilitare termică
Dolj,Craiova,44.3277785,23.812125,str. Fratii Golesti nr. 106,"Jud. Dolj, Mun. Craiova, str. Fratii Golesti nr. 106",S+P+4E,1988,RS3,NO,2022,ing. Belgun Ionel,bloc K31 - în curs de reabilitare termică
Dolj,Craiova,44.3275879,23.8119567,str. Fratii Golesti nr. 104,"Jud. Dolj, Mun. Craiova, str. Fratii Golesti nr. 104",S+P+4E,1988,RS3,NO,2022,ing. Belgun Ionel,bloc K32 - în curs de reabilitare termică
Dolj,Craiova,44.3145591,23.8255283,str. Calea Bucuresti nr. 64,"Jud. Dolj, Mun. Craiova, str. Calea Bucuresti nr. 64",Sp+P+1E,1959,RS3,NO,2018,ing. Belgun Ionel,"Spitalul Clinic de Boli Infecţioase şi Pneumoftiziologie ""Victor Babes"" Craiova - cladire pavilion contagiosi II (C3) - reabilitare termica"
Dolj,Craiova,44.31434247,23.82529264,str. Calea Bucuresti nr. 64,"Jud. Dolj, Mun. Craiova, str. Calea Bucuresti nr. 64",S+P+6E,1980,RS3,NO,2018,ing. Belgun Ionel,"Spitalul Clinic de Boli Infecţioase şi Pneumoftiziologie ""Victor Babes"" Craiova - cladire pavilion boli infectioase (C4) - reabilitare termica"
Dolj,Craiova,44.3258999,23.7738287,str. Brestei nr. 144,"Jud. Dolj, Mun. Craiova, str. Brestei nr. 144",Stp+P+2E,1970,RS3,NO,2018,ing. Belgun Ionel,Colegiul Tehnic de Industrie Alimentara - reabilitare termica
Dolj,Craiova,44.2998224,23.7937012,str. Victor Gomoiu nr.26,"Jud. Dolj, Mun. Craiova, str. Victor Gomoiu nr.26",S+P+4E,1981,RS3,NO,2022,Ing. Niculae Teodor,bloc I1 - în curs de reabilitare termică
Dolj,Craiova,44.2979408,23.7947229,str. Victor Gomoiu nr.14A,"Jud. Dolj, Mun. Craiova, str. Victor Gomoiu nr.14A",S+P+4E,1981,RS3,NO,2022,Ing. Niculae Teodor,bloc I11 - în curs de reabilitare termică
Dolj,Craiova,44.3301234,23.7834348,str. Pascani nr. 26,"Jud. Dolj, Mun. Craiova, str. Pascani nr. 26",S+P+4E,1989,RS3,NO,2022,Ing. Niculae Teodor,bloc A1 - în curs de reabilitare termică
Dolj,Craiova,44.329279,23.7839636,str. Razboieni nr. 10,"Jud. Dolj, Mun. Craiova, str. Razboieni nr. 10",S+P+4E,1987,RS3,NO,2022,Ing. Niculae Teodor,bloc B7 - în curs de reabilitare termică
Dolj,Craiova,44.3291193,23.7841718,str. Razboieni nr. 8,"Jud. Dolj, Mun. Craiova, str. Razboieni nr. 8",S+P+4E,1987,RS3,NO,2022,Ing. Niculae Teodor,bloc B6 - în curs de reabilitare termică
Dolj,Craiova,44.3298019,23.7833172,str. Penes Curcanul nr. 6,"Jud. Dolj, Mun. Craiova, str. Penes Curcanul nr. 6",S+P+4E,1986,RS3,NO,2022,Ing. Niculae Teodor,bloc A6 - în curs de reabilitare termică
Dolj,Craiova,44.33957,23.7743859,bld. Oltenia nr. 13,"Jud. Dolj, Mun. Craiova, bld. Oltenia nr. 13",S+P+4E,1978,RS3,NO,2022,Ing. Niculae Teodor,bloc 146F - în curs de reabilitare termică
Dolj,Craiova,44.3076276,23.7924813,str. 1 Mai nr.3,"Jud. Dolj, Mun. Craiova, str. 1 Mai nr.3",S+P+4E,1989,RS3,NO,2022,Ing. Niculae Teodor,bloc M22 - în curs de reabilitare termică
Dolj,Craiova,44.3301785,23.7948808,str. Delul Spirii nr. 22,"Jud. Dolj, Mun. Craiova, str. Delul Spirii nr. 22",S+P+4E,1990,RS3,NO,2022,Ing. Niculae Teodor,bloc M25 - în curs de reabilitare termică
Dolj,Craiova,44.3118556,23.7921216,str. Buzias nr. 6,"Jud. Dolj, Mun. Craiova, str. Buzias nr. 6",S+P+4E,1990,RS3,NO,2022,Ing. Niculae Teodor,bloc M32 - în curs de reabilitare termică
Dolj,Craiova,44.311478,23.7872636,str. Bibescu nr. 29,"Jud. Dolj, Mun. Craiova, str. Bibescu nr. 29",S+P+4E,1984,RS3,NO,2022,Ing. Niculae Teodor,bloc P6 - în curs de reabilitare termică
Dolj,Craiova,44.3398606,23.7706825,bld. Dacia nr. 12,"Jud. Dolj, Mun. Craiova, bld. Dacia nr. 12",S+P+4E,1979,RS3,NO,2022,Ing. Niculae Teodor,bloc 173F - în curs de reabilitare termică
Dolj,Craiova,44.3112875,23.7870955,str. Bibescu nr. 31,"Jud. Dolj, Mun. Craiova, str. Bibescu nr. 31",S+P+4E,1984,RS3,NO,2022,Ing. Niculae Teodor,bloc P7 - în curs de reabilitare termică
Dolj,Craiova,44.336758,23.7813899,str. Arh. Duiliu Marcu nr. 16,"Jud. Dolj, Mun. Craiova, str. Arh. Duiliu Marcu nr. 16",Sth+P+2E,1971,RS3,NO,2022,ing. Stefan Catalin,Scoala Gimnaziala Mihai Viteazu - corp C1 - reabilitare termica
Dolj,Craiova,44.319732,23.7946775,str. Calea unirii nr. 11,"Jud. Dolj, Mun. Craiova, str. Calea unirii nr. 11",S+P+4E+Eth,1982,RS3,NO,2022,ing. Apostol Zefir Ioan George,bloc 2 - in curs de reabilitare termica
Dolj,Craiova,44.319826,23.79502304,str. Calea unirii nr. 11,"Jud. Dolj, Mun. Craiova, str. Calea unirii nr. 11",S+P+4E+Eth,1983,RS3,NO,2022,ing. Apostol Zefir Ioan George,bl. 3 - in curs de reabilitare termica
Dolj,Craiova,44.338222,23.7811914,ale. Arh. Duiliu Marcu nr. 14,"Jud. Dolj, Mun. Craiova, ale. Arh. Duiliu Marcu nr. 14",S+P+10E+Eth,1974,RS3,NO,2022,ing. Popescu Dan Dumitru,bl. 10 sc.1 - in curs de reabilitare termica
Dolj,Craiova,44.3190406,23.7929112,str. Popa Sapca nr.14,"Jud. Dolj, Mun. Craiova, str. Popa Sapca nr.14",S+P+4E+5Ep,1982,RS3,NO,2022,ing. Popescu Dan Dumitru,bloc 14 - in curs de reabilitare termica
Dolj,Craiova,44.3049123,23.7958337,bld. 1 Mai nr. 57,"Jud. Dolj, Mun. Craiova, bld. 1 Mai nr. 57",S+P+4E+Eth,1973,RS3,NO,2022,ing. Apostol Zefir Ioan George,bloc 17a - in curs de reabilitare termica
Dolj,Craiova,44.3169429,23.7953444,Calea Unirii nr. 21,"Jud. Dolj, Mun. Craiova, Calea Unirii nr. 21",S+P+M+3E+4R,1981,RS3,NO,2022,ing. Popescu Dan Dumitru,bloc 21A - in curs de reabilitare termica
Dolj,Craiova,44.3310673,23.7788776,str. Constantin Brancoveanu nr. 25,"Jud. Dolj, Mun. Craiova, str. Constantin Brancoveanu nr. 25",S+P+4E+Pod,1979,RS3,NO,2022,ing. Popescu Dan Dumitru,bloc 42A1 - in curs de reabilitare termica
Dolj,Craiova,44.3280014,23.8066418,str. Lamaitei nr.8,"Jud. Dolj, Mun. Craiova, str. Lamaitei nr.8",S+P+4E,1979,RS3,NO,2022,ing. Popescu Dan Dumitru,bloc 68B - în curs de reabilitare termică
Dolj,Craiova,44.3282005,23.8092064,str. Gral. Dr. Ion Cernatescu nr.9,"Jud. Dolj, Mun. Craiova, str. Gral. Dr. Ion Cernatescu nr.9",S+P+4E,1981,RS3,NO,2022,ing. Popescu Dan Dumitru,bloc 79 - in curs de reabilitare termica
Dolj,Craiova,44.3188612,23.8163486,str. George Fotino nr.1,"Jud. Dolj, Mun. Craiova, str. George Fotino nr.1",S+P+4E,1981,RS3,NO,2022,ing. Popescu Dan Dumitru,bloc B8 - în curs de reabilitare termică
Dolj,Craiova,44.3293585,23.8040221,str. Brazda lui Novac nr. 64A,"Jud. Dolj, Mun. Craiova, str. Brazda lui Novac nr. 64A",S+P+4E,1986,RS3,NO,2022,ing. Popescu Dan Dumitru,bloc C6 - in curs de reabilitare termica
Dolj,Craiova,44.329103,23.8043205,str. Mihail Cerchez nr.4,"Jud. Dolj, Mun. Craiova, str. Mihail Cerchez nr.4",S+P+4E+Pod,1986,RS3,NO,2022,ing. Popescu Dan Dumitru,bloc C6 - in curs de reabilitare termica
Dolj,Craiova,44.312061,23.7883515,bld. Ilie Balaci nr.7,"Jud. Dolj, Mun. Craiova, bld. Ilie Balaci nr.7",S+P+8E+Eth,1981,RS3,NO,2022,ing. Apostol Zefir Ioan George,bloc D2 - in curs de reabilitare termica
Dolj,Craiova,44.3127135,23.7881816,bld. Ilie Balaci nr.5,"Jud. Dolj, Mun. Craiova, bld. Ilie Balaci nr.5",S+P+M+7E+Eth,1981,RS3,NO,2022,ing. Apostol Zefir Ioan George,bloc D3A - in curs de reabilitare termica
Dolj,Craiova,44.3120363,23.7893221,bld. 1 Mai nr.2,"Jud. Dolj, Mun. Craiova, bld. 1 Mai nr.2",S+P+M+7E+Eth,1982,RS3,NO,2022,ing. Pavel C. Mihai,bloc D4A sc.2 - in curs de reabilitare termica
Dolj,Craiova,44.3127135,23.7881816,bld. Ilie Balaci nr.3,"Jud. Dolj, Mun. Craiova, bld. Ilie Balaci nr.3",S+P+M+7E+Eth,1981,RS3,NO,2022,ing. Pavel C. Mihai,bloc D4A1 - in curs de reabilitare termica
Dolj,Craiova,44.3118344,23.7894639,str. Lalelelor nr.2,"Jud. Dolj, Mun. Craiova, str. Lalelelor nr.2",S+P+7E+Eth+Pod,1986,RS3,NO,2022,ing. Popescu Dan Dumitru,bloc D5 sc.1 - in curs de reabilitare termica
Dolj,Craiova,44.3269112,23.8159,str. Basarabia nr.9,"Jud. Dolj, Mun. Craiova, str. Basarabia nr.9",S+P+4E,1972,RS3,NO,2022,ing. Popescu Dan Dumitru,bloc E2 - în curs de reabilitare termică
Dolj,Craiova,44.3253406,23.7879533,bld. Nicolae Titulescu nr. 29,"Jud. Dolj, Mun. Craiova, bld. Nicolae Titulescu nr. 29",S+P+10E+Eth,1964,RS3,NO,2022,ing. Pavel C. Mihai,bloc I4 - in curs de reabilitare termica
Dolj,Craiova,44.314919,23.8183964,str. Nanterre nr. 71,"Jud. Dolj, Mun. Craiova, str. Nanterre nr. 71",S+P+4E,1976,RS3,NO,2022,ing. Popescu Dan Dumitru,bloc I5 - în curs de reabilitare termică
Dolj,Craiova,44.3154559,23.8161352,str. Nanterre nr. 37,"Jud. Dolj, Mun. Craiova, str. Nanterre nr. 37",S+P+4E+Pod,1978,RS3,NO,2022,ing. Popescu Dan Dumitru,bloc I6 - in curs de reabilitare termica
Dolj,Craiova,44.3129461,23.8368745,str. Calea Bucuresti nr.8,"Jud. Dolj, Mun. Craiova, str. Calea Bucuresti nr.8",S+P+9E+Eth,1988,RS3,NO,2022,ing. Apostol Zefir Ioan George,bloc M7 - in curs de reabilitare termica
Dolj,Craiova,44.3190076,23.8032201,str. Calea Bucuresti nr.12,"Jud. Dolj, Mun. Craiova, str. Calea Bucuresti nr.12",S+P+7E+8Er,1989,RS3,NO,2022,ing. Apostol Zefir Ioan George,bloc M8A - în curs de reabilitare termică
Dolj,Craiova,44.3114268,23.7912274,bld. 1 Mai nr.5,"Jud. Dolj, Mun. Craiova, bld. 1 Mai nr.5",S+P+4E+Pod,1989,RS3,NO,2022,ing. Popescu Dan Dumitru,bloc M20 - in curs de reabilitare termica
Dolj,Craiova,44.3147158,23.8352159,str. Eustatiu Stoenescu nr.1D,"Jud. Dolj, Mun. Craiova, str. Eustatiu Stoenescu nr.1D",S+P+4E+Pod,1988,RS3,NO,2022,ing. Popescu Dan Dumitru,bloc N13 - in curs de reabilitare termica
Dolj,Craiova,44.3142786,23.8361759,str. Eustatiu Stoenescu nr.1B,"Jud. Dolj, Mun. Craiova, str. Eustatiu Stoenescu nr.1B",S+P+8E+Eth,1980,RS3,NO,2022,ing. Popescu Dan Dumitru,bloc T9 - in curs de reabilitare termica
Dolj,Craiova,44.3193555,23.7942362,str. Mihai Viteazu nr.2,"Jud. Dolj, Mun. Craiova, str. Mihai Viteazu nr.2",S+P+4E+Eth,1981,RS3,NO,2022,ing. Popescu Dan Dumitru,bloc 2 - in curs de reabilitare termica
Dolj,Craiova,44.3190334,23.816903,str. George Fotino nr. 8,"Jud. Dolj, Mun. Craiova, str. George Fotino nr. 8",S+P+4E,1978,RS4,NO,2022,ing. Pavel C. Mihai,"bloc B12 sc.1, 2 si 3 - în curs de reabilitare termică"
Dolj,Craiova,44.318491,23.7920483,str. Ion Maiorescu nr.2,"Jud. Dolj, Mun. Craiova, str. Ion Maiorescu nr.2",S+P+3E,1978,RS3,NO,2022,ing. Catalin Stefan,Colegiul National Carol I - corp C13 - reabilitare termica
Dolj,Craiova,44.3021677,23.7932733,str. Dr. Dimitrie Gerota nr.22,"Jud. Dolj, Mun. Craiova, str. Dr. Dimitrie Gerota nr.22",P+2E,1970,RS3,NO,2022,ing. Catalin Stefan,Colegiul Economic Gheorghe Chitu - C2 - reabilitare termica
Dolj,Craiova,44.3270806,23.7851516,str. Nicolae Titulescu nr. 64,"Jud. Dolj, Mun. Craiova, str. Nicolae Titulescu nr. 64",P+3E,1983,RS3,NO,2022,ing. Catalin Stefan,Scoala Gimnaziala Decebal - C1 - reabilitare termica
Dolj,Craiova,44.3400511,23.7744838,str. Elena Farago nr.19,"Jud. Dolj, Mun. Craiova, str. Elena Farago nr.19",Sp+P+3E,1979,RS3,NO,2022,ing. Catalin Stefan,Scoala Gimnaziala Elena Farago - C1 - reabilitare termica
Dolj,Craiova,44.3218625,23.8169327,str. Vasile Alecsandri nr. 113,"Jud. Dolj, Mun. Craiova, str. Vasile Alecsandri nr. 113",P+2E,1965,RS3,NO,2022,ing. Catalin Stefan,Liceul Matei Basarab - C1 - reabilitare termica
Dolj,Craiova,44.3217395,23.8115566,str. Vasile Alecsandri nr. 87,"Jud. Dolj, Mun. Craiova, str. Vasile Alecsandri nr. 87",S+P+1E,1934,RS3,NO,2022,ing. Catalin Stefan,Gradinita cu Program Prelungit Petrache Poenaru - C1 - reabilitare termica
Dolj,Craiova,44.3065657,23.8161114,str. Vantului nr.3,"Jud. Dolj, Mun. Craiova, str. Vantului nr.3",P+2E,1974,RS3,NO,2022,ing. Catalin Stefan,Scoala Gimnaziala Nicolae Romanescu - C1 - reabilitare termica
Dolj,Craiova,44.2919522,23.7998386,bld. Nicolae Romanescu nr. 99,"Jud. Dolj, Mun. Craiova, bld. Nicolae Romanescu nr. 99",P+2E P+1E,1973,RS2,NO,2022,ing. Catalin Stefan,Liceul Tehnologic de Transporturi Auto - C1 - în curs de evaluare în PNCCRS (Programul național de reabilitare a cladirilor cu risc seismic ridicat) dupa reabilitare IV
Dolj,Craiova,44.3301324,23.8069838,str. Brazda lui Novac nr. 76,"Jud. Dolj, Mun. Craiova, str. Brazda lui Novac nr. 76",S+P+4E,1978,RS3,NO,2022,ing. Apostol Zefir Ioan George,bloc 37 - în curs de reabilitare termică
Dolj,Craiova,44.3302819,23.8066501,str. Brazda lui Novac nr. 74,"Jud. Dolj, Mun. Craiova, str. Brazda lui Novac nr. 74",S+P+4E,1978,RS3,NO,2022,ing. Apostol Zefir Ioan George,bloc 37B - în curs de reabilitare termică
Dolj,Craiova,44.3302076,23.7837416,str. George Enescu nr. 47,"Jud. Dolj, Mun. Craiova, str. George Enescu nr. 47",S+P+4E,1987,RS4,NO,2022,ing. Pavel C. Mihai,bloc A2 - în curs de reabilitare termică
Dolj,Craiova,44.3298779,23.7840328,str. Penes Curcanul nr.2,"Jud. Dolj, Mun. Craiova, str. Penes Curcanul nr.2",S+P+4E,1987,RS4,NO,2022,ing. Pavel C. Mihai,bloc A4 - în curs de reabilitare termică
Dolj,Craiova,44.3303627,23.807154,str. Brazda lui Novac nr. 80,"Jud. Dolj, Mun. Craiova, str. Brazda lui Novac nr. 80",S+P+4E,1987,RS3,NO,2022,ing. Apostol Zefir Ioan George,bloc 38 - în curs de reabilitare termică
Dolj,Craiova,44.3302982,23.8074464,str. Brazda lui Novac nr. 78,"Jud. Dolj, Mun. Craiova, str. Brazda lui Novac nr. 78",S+P+4E,1987,RS3,NO,2022,ing. Apostol Zefir Ioan George,bloc 38A - în curs de reabilitare termică
Dolj,Craiova,44.34238,23.7758949,bld. Dacia nr. 28,"Jud. Dolj, Mun. Craiova, bld. Dacia nr. 28",S+P+4E,1977,RS3,NO,2022,ing. Apostol Zefir Ioan George,bloc 121B1 - în curs de reabilitare termică
Dolj,Craiova,44.3410187,23.7746765,str. Elena Farago nr. 15,"Jud. Dolj, Mun. Craiova, str. Elena Farago nr. 15",S+P+4E,1976,RS3,NO,2022,ing. Apostol Zefir Ioan George,bloc 123G - în curs de reabilitare termică
Dolj,Craiova,44.3392002,23.777359,str. Alexandru Buia nr. 5,"Jud. Dolj, Mun. Craiova, str. Alexandru Buia nr. 5",S+P+4E,1978,RS3,NO,2022,ing. Apostol Zefir Ioan George,bloc 147C - în curs de reabilitare termică
Dolj,Craiova,44.3226711,23.8010696,str. Arh. Ctin Iotzu nr.8,"Jud. Dolj, Mun. Craiova, str. Arh. Ctin Iotzu nr.8",S+P+4E,1978,RS3,NO,2022,ing. Apostol Zefir Ioan George,bloc 149D - în curs de reabilitare termică
Dolj,Craiova,44.3163432,23.8175298,str. Calea Bucuresti nr. 48,"Jud. Dolj, Mun. Craiova, str. Calea Bucuresti nr. 48",canal the.+P+4E,1964,RS3,NO,2022,ing. Apostol Zefir Ioan George,bloc A6 - in curs de reabilitare termica
Dolj,Craiova,44.3295494,23.7841417,str. Penes Curcanul nr.1,"Jud. Dolj, Mun. Craiova, str. Penes Curcanul nr.1",S+P+4E,1987,RS4,NO,2022,ing. Pavel C. Mihai,bloc B1 - în curs de reabilitare termică
Dolj,Craiova,44.3295163,23.784636,str. George Enescu nr.41,"Jud. Dolj, Mun. Craiova, str. George Enescu nr.41",S+P+3E+4E r,1987,RS4,NO,2022,ing. Pavel C. Mihai,bloc B3 - in curs de reabilitare termica
Dolj,Craiova,44.3116934,23.7907064,bld. 1 Mai nr.1,"Jud. Dolj, Mun. Craiova, bld. 1 Mai nr.1",S+P+4E,1989,RS4,NO,2022,ing. Pavel C. Mihai,bloc M23 - în curs de reabilitare termică
Dolj,Craiova,44.3099766,23.8064161,str. Recunostintei nr.14,"Jud. Dolj, Mun. Craiova, str. Recunostintei nr.14",Sp+P,1949,RS3,NO,2022,ing. Catalin Stefan,Gradinita Floare de colt - C1 - reabilitare termica
Dolj,Craiova,44.3301785,23.7948808,str. I.Ghe. Duca nr.5,"Jud. Dolj, Mun. Craiova, str. I.Ghe. Duca nr.5",Sth+P+1E,1975,RS3,NO,2022,ing. Catalin Stefan,Gradinita Sfanta Lucia - C1 - reabilitare termica
Dolj,Craiova,44.3060251,23.8234601,str. Electroputere nr. 21,"Jud. Dolj, Mun. Craiova, str. Electroputere nr. 21",P+2E,1969,RS3,NO,2022,ing. Catalin Stefan,Liceul Voltaire - C1 - reabilitare termica
Dolj,Craiova,44.3371527,23.7857359,str. Castanilor nr.4,"Jud. Dolj, Mun. Craiova, str. Castanilor nr.4",P+2E,1975,RS3,NO,2022,ing. Catalin Stefan,Scoala Gimnaziala Alexandru Macedonski - C1 - reabilitare termica
Dolj,Craiova,44.3180048,23.8138136,str. Calea Bucuresti nr. 93,"Jud. Dolj, Mun. Craiova, str. Calea Bucuresti nr. 93",P+2E,1974,RS3,NO,2022,ing. Catalin Stefan,Scoala Gheorghe Titeica - C1 - reabilitare termica
Dolj,Craiova,44.3134778,23.8177929,Str. Closca nr. 1,"Jud. Dolj, Mun. Craiova, Str. Closca nr. 1",Sp+P+2E,1965,RS3,NO,2022,ing. Catalin Stefan,Scoala Mircea Eliade - C1 - reabilitare termica
Dolj,Craiova,44.3259035,23.7952712,str. Constantin Brancusi nr. 15,"Jud. Dolj, Mun. Craiova, str. Constantin Brancusi nr. 15",P,1910,RS2,NO,2022,ing. Catalin Stefan,sala sport Sp+P+Mp cantina Liceul Tehnologic Transporturi Cai Ferate - C12 (sala sport) - în curs de evaluare în PNCCRS (Programul național de reabilitare a cladirilor cu risc seismic ridicat) consolidare IV
Dolj,Craiova,44.32556128,23.79480765,str. Constantin Brancusi nr. 15,"Jud. Dolj, Mun. Craiova, str. Constantin Brancusi nr. 15",P,1910,RS3,NO,2022,ing. Catalin Stefan,sala sport Sp+P+Mp cantina Liceul Tehnologic Transporturi Cai Ferate - C12 (cantina) - în curs de evaluare în PNCCRS (Programul național de reabilitare a cladirilor cu risc seismic ridicat) consolidare IV
Dolj,Craiova,44.3109847,23.821527,str. Henry Coanda nr. 48,"Jud. Dolj, Mun. Craiova, str. Henry Coanda nr. 48",P+2E,1970,RS2,NO,2022,ing. Catalin Stefan,Liceul Teoretic Henry Coanda - C13 - în curs de evaluare în PNCCRS (Programul național de reabilitare a cladirilor cu risc seismic ridicat) consolidare IV
Dolj,Craiova,44.304555,23.8139361,str. Caracal nr. 81,"Jud. Dolj, Mun. Craiova, str. Caracal nr. 81",P+2E,1974,RS3,NO,2022,ing. Catalin Stefan,Scoala Gimnaziala Nicolae Romanescu - B
Dolj,Craiova,44.3109847,23.821527,str. Henry Coanda nr. 48,"Jud. Dolj, Mun. Craiova, str. Henry Coanda nr. 48",P+3E,1985,RS3,NO,2022,ing. Catalin Stefan,Liceul Teoretic Henry Coanda - C8
Dolj,Craiova,44.3222576,23.7912368,str. Filantropiei nr.4A,"Jud. Dolj, Mun. Craiova, str. Filantropiei nr.4A",Sp+P+1E+Pod,1930,RS2,NO,2020,ing. Mircea Ieremia,Spitalul Clinic Municipal Filantropia - în curs de evaluare în PNCCRS (Programul național de reabilitare a cladirilor cu risc seismic ridicat)
Dolj,Craiova,44.311952,23.83757,str. Tehnicii nr. 7,"Jud. Dolj, Mun. Craiova, str. Tehnicii nr. 7",S+P+4E,1975,RS4,NO,2013,ing. Constantin Pavel,bloc A14 sc.1 si 2 - în curs de reabilitare termică
Dolj,Craiova,44.3127781,23.8401374,str. Calea Bucuresti nr. 104,"Jud. Dolj, Mun. Craiova, str. Calea Bucuresti nr. 104",D+P+4E,1983,RS4,NO,2013,ing. Constantin Pavel,bloc O11 - în curs de reabilitare termică
Dolj,Craiova,44.3125037,23.8416416,str. Ion Tuculescu nr. 19,"Jud. Dolj, Mun. Craiova, str. Ion Tuculescu nr. 19",S+P+4E,1985,RS4,NO,2013,ing. Constantin Pavel,bloc O16 - în curs de reabilitare termică
Dolj,Craiova,44.3128634,23.8391357,str. Calea Bucuresti nr. 96,"Jud. Dolj, Mun. Craiova, str. Calea Bucuresti nr. 96",D+P+8E+Eth,1983,RS4,NO,2013,ing. Constantin Pavel,bloc U8 - in curs de reabilitare termica
Dolj,Craiova,44.3152392,23.8326511,str. Grigore Plesoianu nr. 2,"Jud. Dolj, Mun. Craiova, str. Grigore Plesoianu nr. 2",S+P+4E,1986,RS4,NO,2017,ing. Constantin Pavel,bloc nr.1 - în curs de reabilitare termică
Dolj,Craiova,44.3151959,23.8329331,str. Grigore Plesoianu nr. 4,"Jud. Dolj, Mun. Craiova, str. Grigore Plesoianu nr. 4",S+P+4E,1987,RS4,NO,2017,ing. Constantin Pavel,bloc nr.2 - în curs de reabilitare termică
Dolj,Craiova,44.3151529,23.8331279,str. Grigore Plesoianu nr. 6,"Jud. Dolj, Mun. Craiova, str. Grigore Plesoianu nr. 6",S+P+4E,1987,RS4,NO,2017,ing. Constantin Pavel,bloc nr.3 - în curs de reabilitare termică
Dolj,Craiova,44.3129343,23.8381932,str. Calea Bucuresti nr. 92,"Jud. Dolj, Mun. Craiova, str. Calea Bucuresti nr. 92",D+P+4E,1983,RS4,NO,2017,ing. Constantin Pavel,bloc O7 - în curs de reabilitare termică
Dolj,Craiova,44.3129227,23.8385031,str. Calea Bucuresti nr. 94,"Jud. Dolj, Mun. Craiova, str. Calea Bucuresti nr. 94",D+P+4E,1983,RS4,NO,2017,ing. Constantin Pavel,bloc O8 - în curs de reabilitare termică
Dolj,Craiova,44.3128624,23.8394841,str. Calea Bucuresti nr. 100,"Jud. Dolj, Mun. Craiova, str. Calea Bucuresti nr. 100",D+P+4E,1983,RS4,NO,2017,ing. Constantin Pavel,bloc O10 - în curs de reabilitare termică
Dolj,Craiova,44.3127512,23.8378762,str. Tehnicii nr.5,"Jud. Dolj, Mun. Craiova, str. Tehnicii nr.5",D+P+4E,1983,RS4,NO,2017,ing. Constantin Pavel,bloc U2 - în curs de reabilitare termică
Dolj,Craiova,44.3129035,23.8398987,str. Calea Bucuresti nr. 102,"Jud. Dolj, Mun. Craiova, str. Calea Bucuresti nr. 102",D+P+8E+Eth,1984,RS4,NO,2017,ing. Constantin Pavel,bloc U7 - in curs de reabilitare termica
Dolj,Craiova,44.3131377,23.8379841,str. Calea Bucuresti nr. 90,"Jud. Dolj, Mun. Craiova, str. Calea Bucuresti nr. 90",D+P+8E+Eth,1983,RS4,NO,2017,ing. Constantin Pavel,bloc U9 - in curs de reabilitare termica
Dolj,Craiova,44.3150354,23.8334025,str. Grigore Plesoianu nr. 8,"Jud. Dolj, Mun. Craiova, str. Grigore Plesoianu nr. 8",S+P+4E,1987,RS4,NO,2018,ing. Constantin Pavel,bloc nr.4 - în curs de reabilitare termică
Dolj,Craiova,44.3127393,23.8409183,str. Calea Bucuresti nr. 108,"Jud. Dolj, Mun. Craiova, str. Calea Bucuresti nr. 108",D+P+4E,1983,RS4,NO,2018,ing. Constantin Pavel,bloc O13 - în curs de reabilitare termică
Dolj,Craiova,44.3127277,23.8412283,str. Calea Bucuresti nr. 110,"Jud. Dolj, Mun. Craiova, str. Calea Bucuresti nr. 110",D+P+4E,1983,RS4,NO,2018,ing. Constantin Pavel,bloc O14 - în curs de reabilitare termică
Dolj,Craiova,44.31583,23.833174,str. Grigore Plesoianu nr. 14,"Jud. Dolj, Mun. Craiova, str. Grigore Plesoianu nr. 14",S+P+4E,1990,RS4,NO,2018,ing. Constantin Pavel,bloc S4 - în curs de reabilitare termică
Dolj,Craiova,44.3124083,23.8422266,str. Ion Tuculescu nr. 17,"Jud. Dolj, Mun. Craiova, str. Ion Tuculescu nr. 17",S+P+8E+Eth,1985,RS4,NO,2018,ing. Constantin Pavel,bloc U6a - in curs de reabilitare termica
Dolj,Craiova,44.3158523,23.8328153,str. Grigore Plesoianu nr. 12,"Jud. Dolj, Mun. Craiova, str. Grigore Plesoianu nr. 12",S+P+4E,1990,RS4,NO,2018,ing. Constantin Pavel,bloc S5 - în curs de reabilitare termică
Dolj,Craiova,44.3126738,23.8421411,str. Calea Bucuresti nr. 114,"Jud. Dolj, Mun. Craiova, str. Calea Bucuresti nr. 114",D+P+8E+Eth,1985,RS4,NO,2018,ing. Constantin Pavel,bloc U6b - in curs de reabilitare termica
Dolj,Craiova,44.3156403,23.8327443,str. Grigore Plesoianu nr. 10,"Jud. Dolj, Mun. Craiova, str. Grigore Plesoianu nr. 10",S+P+4E,1989,RS4,NO,2018,ing. Constantin Pavel,bloc S6 - în curs de reabilitare termică
Dolj,Craiova,44.3061517,23.811303,str. Gheorghe Vaslan A,"Jud. Dolj, Mun. Craiova, str. Gheorghe Vaslan A",S+p+4E,1986,RS3,NO,2013,ing. Cosma Radu,bloc 125 - în curs de reabilitare termică
Dolj,Craiova,44.3071559,23.8118942,str. Gral. Magheru nr. 16,"Jud. Dolj, Mun. Craiova, str. Gral. Magheru nr. 16",S+P+4E,1986,RS3,NO,2013,ing. Cosma Radu,bloc 121 - în curs de reabilitare termică
Dolj,Craiova,44.307328,23.812024,str. Gral. Magheru nr. 18,"Jud. Dolj, Mun. Craiova, str. Gral. Magheru nr. 18",S+P+4E,1986,RS3,NO,2013,ing. Cosma Radu,bloc 120 - în curs de reabilitare termică
Dolj,Craiova,44.307047,23.81166,str. Gral. Magheru nr. 14,"Jud. Dolj, Mun. Craiova, str. Gral. Magheru nr. 14",S+P+4E,1986,RS3,NO,2013,ing. Cosma Radu,bloc 122 - în curs de reabilitare termică
Dolj,Craiova,44.306837,23.8113577,str. Gral. Magheru nr. 12,"Jud. Dolj, Mun. Craiova, str. Gral. Magheru nr. 12",S+P+4E,1986,RS3,NO,2013,ing. Cosma Radu,bloc 123 - în curs de reabilitare termică
Dolj,Craiova,44.3066785,23.8111305,str. Gral. Magheru nr. 10,"Jud. Dolj, Mun. Craiova, str. Gral. Magheru nr. 10",S+P+4E,1986,RS3,NO,2013,ing. Cosma Radu,bloc 124 - în curs de reabilitare termică
Dolj,Craiova,44.306456,23.8110215,str. G. Vaslan nr. 3A,"Jud. Dolj, Mun. Craiova, str. G. Vaslan nr. 3A",S+P+4E,1986,RS3,NO,2013,ing. Cosma Radu,bloc 126 - în curs de reabilitare termică
Dolj,Craiova,44.3063712,23.81123983,str. G. Vaslan nr. 3A,"Jud. Dolj, Mun. Craiova, str. G. Vaslan nr. 3A",S+P+4E,1986,RS3,NO,2013,ing. Cosma Radu,bloc 127B - în curs de reabilitare termică
Dolj,Craiova,44.306003,23.8111277,str. Gral. Magheru nr. 4,"Jud. Dolj, Mun. Craiova, str. Gral. Magheru nr. 4",S+P+4E,1986,RS3,NO,2013,ing. Cosma Radu,bloc 128 - în curs de reabilitare termică
Dolj,Craiova,44.306456,23.8110215,str. G. Vaslan nr. 3A,"Jud. Dolj, Mun. Craiova, str. G. Vaslan nr. 3A",S+P+4E,1986,RS3,NO,2013,ing. Cosma Radu,bloc 127A - în curs de reabilitare termică
Dolj,Craiova,44.3081706,23.8129747,str. Rovinari nr. 6A,"Jud. Dolj, Mun. Craiova, str. Rovinari nr. 6A",S+P+4E,1986,RS3,NO,2013,ing. Cosma Radu,bloc 106 - în curs de reabilitare termică
Dolj,Craiova,44.3079356,23.8129061,str. Gral. Magheru nr. 26,"Jud. Dolj, Mun. Craiova, str. Gral. Magheru nr. 26",S+P+4E,1986,RS3,NO,2013,ing. Cosma Radu,bloc 116 - în curs de reabilitare termică
Dolj,Craiova,44.30783,23.8126966,str. Gral. Magheru nr. 24,"Jud. Dolj, Mun. Craiova, str. Gral. Magheru nr. 24",S+P+4E,1986,RS3,NO,2013,ing. Cosma Radu,bloc 117 - în curs de reabilitare termică
Dolj,Craiova,44.3076321,23.8125517,str. Gral. Magheru nr. 22,"Jud. Dolj, Mun. Craiova, str. Gral. Magheru nr. 22",S+P+4E,1986,RS3,NO,2013,ing. Cosma Radu,bloc 118 - în curs de reabilitare termică
Dolj,Craiova,44.3075191,23.8123157,str. Gral. Magheru nr. 20,"Jud. Dolj, Mun. Craiova, str. Gral. Magheru nr. 20",S+P+4E,1986,RS3,NO,2013,ing. Cosma Radu,bloc 119 - în curs de reabilitare termică
Dolj,Craiova,44.3118836,23.8225246,str. Mircesti nr. 14,"Jud. Dolj, Mun. Craiova, str. Mircesti nr. 14",S+P+4E,1984,RS3,NO,2012,ing. Popescu Dumitru Dan,bloc O4 - în curs de reabilitare termică
Dolj,Craiova,44.3118951,23.8222147,str. Mircesti nr. 12,"Jud. Dolj, Mun. Craiova, str. Mircesti nr. 12",S+P+4E,1983,RS3,NO,2012,ing. Popescu Dumitru Dan,bloc O5 - în curs de reabilitare termică
Dolj,Craiova,44.3119964,23.8205719,str. Mircesti nr. 4,"Jud. Dolj, Mun. Craiova, str. Mircesti nr. 4",S+P+4E,1983,RS3,NO,2012,ing. Popescu Dumitru Dan,bloc O18 - în curs de reabilitare termică
Dolj,Craiova,44.3120088,23.8204808,str. Mircesti nr. 2,"Jud. Dolj, Mun. Craiova, str. Mircesti nr. 2",S+P+4E,1983,RS3,NO,2012,ing. Popescu Dumitru Dan,bloc O19 - în curs de reabilitare termică
Dolj,Craiova,44.3120087,23.8202168,str. Spania nr. 14,"Jud. Dolj, Mun. Craiova, str. Spania nr. 14",S+P+4E,1983,RS3,NO,2012,ing. Popescu Dumitru Dan,bloc O20 - în curs de reabilitare termică
Dolj,Craiova,44.3117351,23.820446,str. Spania nr. 12,"Jud. Dolj, Mun. Craiova, str. Spania nr. 12",S+P+4E,1984,RS3,NO,2012,ing. Popescu Dumitru Dan,bloc O21 - în curs de reabilitare termică
Dolj,Craiova,44.3115661,23.8201804,str. Spania nr. 10,"Jud. Dolj, Mun. Craiova, str. Spania nr. 10",S+P+4E,1983,RS3,NO,2012,ing. Popescu Dumitru Dan,bloc O22 - în curs de reabilitare termică
Dolj,Craiova,44.3113646,23.8201479,str. Spania nr. 8,"Jud. Dolj, Mun. Craiova, str. Spania nr. 8",S+P+4E,1983,RS3,NO,2012,ing. Popescu Dumitru Dan,bloc O23 - în curs de reabilitare termică
Dolj,Craiova,44.3111844,23.8201051,str. Spania nr. 6,"Jud. Dolj, Mun. Craiova, str. Spania nr. 6",S+P+4E,1983,RS3,NO,2012,ing. Popescu Dumitru Dan,bloc O24 - în curs de reabilitare termică
Dolj,Craiova,44.3285435,23.8092358,str. Dr. Ion Cernătescu,"Jud. Dolj, Mun. Craiova, str. Dr. Ion Cernătescu",S+P+4E,1981,RS3,NO,2022,ing. Popescu Dumitru Dan,bloc 79 - în curs de reabilitare termică
Dolj,Craiova,44.3280014,23.8066418,"str. Lămâiței, nr. 8","Jud. Dolj, Mun. Craiova, str. Lămâiței, nr. 8",S+P+4E,1979,RS3,NO,2022,ing. Popescu Dumitru Dan,bloc 68B - în curs de reabilitare termică
Dolj,Craiova,44.3147158,23.8352159,"str. Eustațiu Stoenescu, nr. 1D","Jud. Dolj, Mun. Craiova, str. Eustațiu Stoenescu, nr. 1D",S+P+4E+Pod,1989,RS3,NO,2022,ing. Popescu Dumitru Dan,bloc N13 - in curs de reabilitare termica
Dolj,Craiova,44.3142786,23.8361759,"str. Eustațiu Stoenescu, nr. 1B","Jud. Dolj, Mun. Craiova, str. Eustațiu Stoenescu, nr. 1B",S+P+8E+Eth,1981,RS3,NO,2022,ing. Popescu Dumitru Dan,bloc T9 - in curs de reabilitare termica
Dolj,Craiova,44.3336262,23.782937,"str. Constantin Brâncoveanu, nr. 65","Jud. Dolj, Mun. Craiova, str. Constantin Brâncoveanu, nr. 65",S+P+4E+Pod,1979,RS3,NO,2022,ing. Popescu Dumitru Dan,bloc 42 A1 - in curs de reabilitare termica
Dolj,Craiova,44.314919,23.8183964,"str. Nanterre, nr. 71","Jud. Dolj, Mun. Craiova, str. Nanterre, nr. 71",S+P+4E,1977,RS3,NO,2022,ing. Popescu Dumitru Dan,bloc 15 - în curs de reabilitare termică
Dolj,Craiova,44.3154559,23.8161352,"str. Nanterre, nr. 37","Jud. Dolj, Mun. Craiova, str. Nanterre, nr. 37",S+P+4E+Pod,1978,RS3,NO,2022,ing. Popescu Dumitru Dan,bloc 16 - in curs de reabilitare termica
Dolj,Craiova,44.3269112,23.8159,"str. Basarabia, nr.9","Jud. Dolj, Mun. Craiova, str. Basarabia, nr.9",S+P+4E,1973,RS3,NO,2022,ing. Popescu Dumitru Dan,bloc E2 - în curs de reabilitare termică
Dolj,Craiova,44.3293585,23.8040221,"str. Brazda lui Novac, nr. 64A","Jud. Dolj, Mun. Craiova, str. Brazda lui Novac, nr. 64A",S+P+4E,1987,RS3,NO,2022,ing. Popescu Dumitru Dan,bloc C5 - in curs de reabilitare termica
Dolj,Craiova,44.329103,23.8043205,str. Mihail Cerchez nr.4,"Jud. Dolj, Mun. Craiova, str. Mihail Cerchez nr.4",S+P+4E+Pod,1987,RS3,NO,2022,ing. Popescu Dumitru Dan,bloc C6 - in curs de reabilitare termica
Dolj,Craiova,44.3114268,23.7912274,"B-dul. 1 Mai, nr. 5","Jud. Dolj, Mun. Craiova, B-dul. 1 Mai, nr. 5",S+P+4E+Pod,1990,RS3,NO,2022,ing. Popescu Dumitru Dan,bloc M20 - in curs de reabilitare termica
Dolj,Craiova,44.3188612,23.8163486,"str. George Fotino, nr. 1","Jud. Dolj, Mun. Craiova, str. George Fotino, nr. 1",S+P+4E,1981,RS3,NO,2022,ing. Popescu Dumitru Dan,bl. B8 - în curs de reabilitare termică
Dolj,Craiova,44.3190406,23.7929112,str. Popa Sapca nr.14,"Jud. Dolj, Mun. Craiova, str. Popa Sapca nr.14",S+P+4E+5R,1982,RS3,NO,2022,ing. Popescu Dumitru Dan,bloc 14 - în curs de reabilitare termică
Dolj,Craiova,44.3169429,23.7953444,"str. Calea Unirii, nr. 21","Jud. Dolj, Mun. Craiova, str. Calea Unirii, nr. 21",S+P+M+3E+4R,1982,RS3,NO,2022,ing. Popescu Dumitru Dan,bloc 21A - in curs de reabilitare termica
Dolj,Craiova,44.338222,23.7811914,"aleea Arh. Duiliu Marcu, nr. 14","Jud. Dolj, Mun. Craiova, aleea Arh. Duiliu Marcu, nr. 14",S+P+10E+Eth,1974,RS3,NO,2022,ing. Popescu Dumitru Dan,"bloc 10, sc. 1 - in curs de reabilitare termica"
Dolj,Craiova,44.3193555,23.7942362,str. Mihai Viteazu nr.2,"Jud. Dolj, Mun. Craiova, str. Mihai Viteazu nr.2",S+P+4E+Eth,1982,RS3,NO,2022,ing. Popescu Dumitru Dan,bloc 2 - in curs de reabilitare termica
Dolj,Craiova,44.3193779,23.7937905,str. Mihai Viteazu nr.4,"Jud. Dolj, Mun. Craiova, str. Mihai Viteazu nr.4",S+P+4E+Eth+Pod,1982,RS3,NO,2022,ing. Popescu Dumitru Dan,bloc 2A - in curs de reabilitare termica
Dolj,Craiova,44.319111,23.8221282,"str. Mihail Strajan, nr. 9","Jud. Dolj, Mun. Craiova, str. Mihail Strajan, nr. 9",S+P+4E+Pod-tr1/S+P+4E+tr2-7,1967,RS3,NO,2022,ing. Popescu Dumitru Dan,bloc a7 - în curs de reabilitare termică
Dolj,Craiova,44.3280971,23.8098905,str. Constantin Argetoianu nr. 21,"Jud. Dolj, Mun. Craiova, str. Constantin Argetoianu nr. 21",S+P+4E,1988,RS3,NO,2022,ing. Popescu Dumitru Dan,bloc K36 - in curs de reabilitare termica
Dolj,Craiova,44.3392147,23.7707322,"str. Elena Farago, nr. 34","Jud. Dolj, Mun. Craiova, str. Elena Farago, nr. 34",S+P+4E+Pod,1980,RS3,NO,2022,ing. Popescu Dumitru Dan,bloc 173E - in curs de reabilitare termica
Dolj,Craiova,44.3395987,23.7700259,"B-dul, Dacia, nr. 10","Jud. Dolj, Mun. Craiova, B-dul, Dacia, nr. 10",S+P+4E,1980,RS3,NO,2022,ing. Popescu Dumitru Dan,"bloc 174C, sc.1 - în curs de reabilitare termică"
Dolj,Craiova,44.3119469,23.7868877,"str. Bibescu, nr. 82","Jud. Dolj, Mun. Craiova, str. Bibescu, nr. 82",S+P+10E+Eth,1980,RS3,NO,2022,ing. Popescu Dumitru Dan,"bloc A12, sc. 1 - in curs de reabilitare termica"
Dolj,Craiova,44.3172555,23.8099551,"str. A. I. Cuza, nr. 46","Jud. Dolj, Mun. Craiova, str. A. I. Cuza, nr. 46",S+P+7E+Eth,1991,RS3,NO,2022,ing. Popescu Dumitru Dan,"bloc 10 A, sc. 1 - in curs de reabilitare termica"
Dolj,Craiova,44.3283451,23.8136924,"B-dul, Dacia, nr. 134","Jud. Dolj, Mun. Craiova, B-dul, Dacia, nr. 134",S+P+4E,1970,RS3,NO,2022,ing. Popescu Dumitru Dan,"bloc K1, sc. 1 - în curs de reabilitare termică"
Dolj,Craiova,44.3181791,23.8211592,"str. Petre Ispirescu, nr. 30","Jud. Dolj, Mun. Craiova, str. Petre Ispirescu, nr. 30",S+P+4E+Pod,1979,RS3,NO,2022,ing. Popescu Dumitru Dan,"bloc 10, sc. 1 - in curs de reabilitare termica"
Dolj,Craiova,44.3177551,23.8210175,"str. Petre Ispirescu, nr. 34","Jud. Dolj, Mun. Craiova, str. Petre Ispirescu, nr. 34",S+P+4E,1979,RS3,NO,2022,ing. Popescu Dumitru Dan,"bloc 12, sc. 1 - în curs de reabilitare termică"
Dolj,Craiova,44.3143602,23.8400504,"str. Eustațiu Stoenescu, nr. 23","Jud. Dolj, Mun. Craiova, str. Eustațiu Stoenescu, nr. 23",S+P+4E+Pod,1980,RS3,NO,2022,ing. Popescu Dumitru Dan,"bloc F18, sc. 2 - in curs de reabilitare termica"
Dolj,Craiova,44.2984886,23.7961478,"str. Dr. Mihai Canciulescu, nr. 15","Jud. Dolj, Mun. Craiova, str. Dr. Mihai Canciulescu, nr. 15",S+P+4E+Pod,1982,RS3,NO,2022,ing. Popescu Dumitru Dan,"bloc I101, sc. A+B - in curs de reabilitare termica"
Dolj,Craiova,44.2984398,23.7950877,"str. Ștefan Berceanu, nr. 11","Jud. Dolj, Mun. Craiova, str. Ștefan Berceanu, nr. 11",S+P+4E,1982,RS3,NO,2022,ing. Popescu Dumitru Dan,"bloc I14, sc. 1 - în curs de reabilitare termică"
Dolj,Craiova,44.3155296,23.82098,"str. Spania, nr. 42","Jud. Dolj, Mun. Craiova, str. Spania, nr. 42",S+P+9E+10R+Eth,1975,RS3,NO,2022,ing. Popescu Dumitru Dan,"bloc P1, sc. 2 - in curs de reabilitare termica"
Dolj,Craiova,44.3118344,23.7894639,str. Lalelelor nr.2,"Jud. Dolj, Mun. Craiova, str. Lalelelor nr.2",S+P+7E+Eth+Pod,1987,RS3,NO,2022,ing. Popescu Dumitru Dan,"bloc D5, sc. 1 - in curs de reabilitare termica"
Dolj,Craiova,44.3127135,23.7881816,"B-dul. Ilie Balaci, nr. 3","Jud. Dolj, Mun. Craiova, B-dul. Ilie Balaci, nr. 3",S+P+M+7E+Eth,1981,RS3,NO,2022,ing. Constantin Pavel,bloc D4 A1 - in curs de reabilitare termica
Dolj,Craiova,44.3253406,23.7879533,"B-dul. Nicolae Titulescu, nr. 29","Jud. Dolj, Mun. Craiova, B-dul. Nicolae Titulescu, nr. 29",S+P+10E+Eth,1964,RS3,NO,2022,ing. Constantin Pavel,bloc I4 - in curs de reabilitare termica
Dolj,Craiova,44.3049123,23.7958337,"B-dul. 1 Mai, nr. 57","Jud. Dolj, Mun. Craiova, B-dul. 1 Mai, nr. 57",S+P+4E+Eth,1973,RS3,NO,2022,ing. Apostol Zefir Ioan George,bloc 17 a - in curs de reabilitare termica
Dolj,Craiova,44.3127135,23.7881816,"B-dul. Ilie Balaci, nr. 5","Jud. Dolj, Mun. Craiova, B-dul. Ilie Balaci, nr. 5",S+P+M+7E+Eth,1981,RS3,NO,2022,ing. Apostol Zefir Ioan George,bloc D3A - in curs de reabilitare termica
Dolj,Craiova,44.312061,23.7883515,"B-dul. Ilie Balaci, nr. 7","Jud. Dolj, Mun. Craiova, B-dul. Ilie Balaci, nr. 7",S+P+M+8E+Eth,1981,RS3,NO,2022,ing. Apostol Zefir Ioan George,bloc D2 - in curs de reabilitare termica
Dolj,Craiova,44.3120363,23.7893221,"B-dul. 1 Mai, nr. 2","Jud. Dolj, Mun. Craiova, B-dul. 1 Mai, nr. 2",S+P+M+7E+Eth,1982,RS3,NO,2022,ing. Constantin Pavel,"bloc D4A, sc. 2 - in curs de reabilitare termica"
Dolj,Craiova,44.313794,23.837356,str. Calea Bucuresti nr. 141,"Jud. Dolj, Mun. Craiova, str. Calea Bucuresti nr. 141",S+P+4E+Eth,1984,RS3,NO,2022,ing. Apostol Zefir Ioan George,bloc N17 - in curs de reabilitare termica
Dolj,Craiova,44.3190076,23.8032201,str. Calea Bucuresti nr. 12,"Jud. Dolj, Mun. Craiova, str. Calea Bucuresti nr. 12",S+P+7E+E8R,1989,RS3,NO,2022,ing. Apostol Zefir Ioan George,bloc M8A - in curs de reabilitare termica
Dolj,Craiova,44.3144744,23.8315135,str. Calea Bucuresti nr. 135,"Jud. Dolj, Mun. Craiova, str. Calea Bucuresti nr. 135",S+P+4E,1985,RS3,NO,2022,ing. Constantin Pavel,bloc N5c - în curs de reabilitare termică
Dolj,Craiova,44.3137021,23.8382368,str. Calea Bucuresti nr. 147,"Jud. Dolj, Mun. Craiova, str. Calea Bucuresti nr. 147",S+P+7E+Eth,1982,RS3,NO,2022,ing. Constantin Pavel,bloc T10 - in curs de reabilitare termica
Dolj,Craiova,44.3136642,23.8409004,str. Calea Bucuresti nr. 163,"Jud. Dolj, Mun. Craiova, str. Calea Bucuresti nr. 163",D+P+6E+E7R+Eth,1983,RS3,NO,2022,ing. Constantin Pavel,bloc T14 - in curs de reabilitare termica
Dolj,Craiova,44.3129461,23.8368745,str. Calea Bucuresti nr. 8,"Jud. Dolj, Mun. Craiova, str. Calea Bucuresti nr. 8",S+P+9E+Eth,1988,RS3,NO,2022,ing. Apostol Zefir Ioan George,bloc E7 - in curs de reabilitare termica
Dolj,Craiova,44.3144744,23.8315135,str. Calea Bucuresti nr. 135,"Jud. Dolj, Mun. Craiova, str. Calea Bucuresti nr. 135",S+P+4E,1985,RS3,NO,2022,ing. Constantin Pavel,bloc N5a - în curs de reabilitare termică
Dolj,Craiova,44.313814,23.83701,str. Calea Bucuresti nr. 139,"Jud. Dolj, Mun. Craiova, str. Calea Bucuresti nr. 139",S+P+4E+Eth,1984,RS3,NO,2022,ing. Apostol Zefir Ioan George,"bloc N16, sc. 1-2 - in curs de reabilitare termica"
Dolj,Craiova,44.3140036,23.8374947,str. Calea Bucuresti nr. 143,"Jud. Dolj, Mun. Craiova, str. Calea Bucuresti nr. 143",S+P+4E+Pod,1984,RS3,NO,2022,ing. Apostol Zefir Ioan George,bloc N18 - in curs de reabilitare termica
Dolj,Craiova,44.313665,23.839711,str. Calea Bucuresti nr. 155,"Jud. Dolj, Mun. Craiova, str. Calea Bucuresti nr. 155",D+P+6E+7R+Eth,1982,RS3,NO,2022,ing. Constantin Pavel,bloc T12 - in curs de reabilitare termica
Dolj,Craiova,44.3128756,23.8518788,str. Calea Bucuresti nr. 1665,"Jud. Dolj, Mun. Craiova, str. Calea Bucuresti nr. 1665",D+P+6E+7Parțial+Eth,1984,RS3,NO,2022,ing. Constantin Pavel,bloc T15 - in curs de reabilitare termica
Dolj,Craiova,44.319732,23.7946775,"str. Calea Unirii, nr. 11","Jud. Dolj, Mun. Craiova, str. Calea Unirii, nr. 11",S+P+4E+Eth,1982,RS3,NO,2022,ing. Apostol Zefir Ioan George,bloc nr.2 - in curs de reabilitare termica
Dolj,Craiova,44.3198352,23.79503879,"str. Calea Unirii, nr. 11","Jud. Dolj, Mun. Craiova, str. Calea Unirii, nr. 11",S+P+4E+Eth,1983,RS3,NO,2022,ing. Apostol Zefir Ioan George,bloc nr. 3 - in curs de reabilitare termica
Dolj,Craiova,44.3274642,23.8098587,"str. Gen. Ioan Cernătescu, nr. 4","Jud. Dolj, Mun. Craiova, str. Gen. Ioan Cernătescu, nr. 4",S+P+4E,1964,RS3,NO,2022,ing. Apostol Zefir Ioan George,bloc A13 - in curs de reabilitare termica
Dolj,Craiova,44.31902958,23.81690003,"str George Fotino, nr. 8","Jud. Dolj, Mun. Craiova, str George Fotino, nr. 8",S+P+4E,1978,RS3,NO,2022,ing. Constantin Pavel,"bloc 12, sc. 1,2,3 - în curs de reabilitare termică"
